sample-id,depth-37923_iter-1,depth-37923_iter-2,depth-37923_iter-3,depth-37923_iter-4,depth-37923_iter-5,depth-37923_iter-6,depth-37923_iter-7,depth-37923_iter-8,depth-37923_iter-9,depth-37923_iter-10,depth-47654_iter-1,depth-47654_iter-2,depth-47654_iter-3,depth-47654_iter-4,depth-47654_iter-5,depth-47654_iter-6,depth-47654_iter-7,depth-47654_iter-8,depth-47654_iter-9,depth-47654_iter-10,depth-57386_iter-1,depth-57386_iter-2,depth-57386_iter-3,depth-57386_iter-4,depth-57386_iter-5,depth-57386_iter-6,depth-57386_iter-7,depth-57386_iter-8,depth-57386_iter-9,depth-57386_iter-10,depth-67118_iter-1,depth-67118_iter-2,depth-67118_iter-3,depth-67118_iter-4,depth-67118_iter-5,depth-67118_iter-6,depth-67118_iter-7,depth-67118_iter-8,depth-67118_iter-9,depth-67118_iter-10,depth-76849_iter-1,depth-76849_iter-2,depth-76849_iter-3,depth-76849_iter-4,depth-76849_iter-5,depth-76849_iter-6,depth-76849_iter-7,depth-76849_iter-8,depth-76849_iter-9,depth-76849_iter-10,depth-86581_iter-1,depth-86581_iter-2,depth-86581_iter-3,depth-86581_iter-4,depth-86581_iter-5,depth-86581_iter-6,depth-86581_iter-7,depth-86581_iter-8,depth-86581_iter-9,depth-86581_iter-10,depth-96313_iter-1,depth-96313_iter-2,depth-96313_iter-3,depth-96313_iter-4,depth-96313_iter-5,depth-96313_iter-6,depth-96313_iter-7,depth-96313_iter-8,depth-96313_iter-9,depth-96313_iter-10,depth-106044_iter-1,depth-106044_iter-2,depth-106044_iter-3,depth-106044_iter-4,depth-106044_iter-5,depth-106044_iter-6,depth-106044_iter-7,depth-106044_iter-8,depth-106044_iter-9,depth-106044_iter-10,depth-115776_iter-1,depth-115776_iter-2,depth-115776_iter-3,depth-115776_iter-4,depth-115776_iter-5,depth-115776_iter-6,depth-115776_iter-7,depth-115776_iter-8,depth-115776_iter-9,depth-115776_iter-10,depth-125508_iter-1,depth-125508_iter-2,depth-125508_iter-3,depth-125508_iter-4,depth-125508_iter-5,depth-125508_iter-6,depth-125508_iter-7,depth-125508_iter-8,depth-125508_iter-9,depth-125508_iter-10,BarcodeSequence,LinkerPrimerSequence,Year,Month,Feature,Subject,Cluster,Description
PK-001,5.813422926,5.831167308,5.810741596,5.806082602,5.806765405,5.811450107,5.805505158,5.807502695,5.818780018,5.804353942,5.807460844,5.820368823,5.814193553,5.815810938,5.827856401,5.829178349,5.812993379,5.815985314,5.818266406,5.797469366,5.824345284,5.815738283,5.820581895,5.819766424,5.815542033,5.815278874,5.813376635,5.819819493,5.808717673,5.817121066,5.814551565,5.817926075,5.820048554,5.815200749,5.817126935,5.820795196,5.813738636,5.815496614,5.816336945,5.81528927,5.816585646,5.81797344,5.816103657,5.81767295,5.816292184,5.817714482,5.817041483,5.817280607,5.816356475,5.815680958,,,,,,,,,,,,,,,,,,,,,,,,,,,,,,,,,,,,,,,,,,,,,,,,,,,TAGGCATG,CTGTCTCTTATACACATCT,2026,5,Feces,HS-01-FEC,HS-01,S-KUHIMM
PK-002,5.477436825,5.462504671,5.461617642,5.484492081,5.478037034,5.476167693,5.464695553,5.467500708,5.464179662,5.469211667,5.468795311,5.469193818,5.479329565,5.463579171,5.468661104,5.473401259,5.480232303,5.478361741,5.470274071,5.467920705,5.470857366,5.472440774,5.459526175,5.460446618,5.469781572,5.467659356,5.474270426,5.471096173,5.472680618,5.470682626,5.467326566,5.473459422,5.469132618,5.479373991,5.470146588,5.476520904,5.480615754,5.469396111,5.47321593,5.468646808,5.469916639,5.471796396,5.473470838,5.470190131,5.470638668,5.469373086,5.469428467,5.470055362,5.471845674,5.470476169,,,,,,,,,,,,,,,,,,,,,,,,,,,,,,,,,,,,,,,,,,,,,,,,,,,TAGGCATG,CTGTCTCTTATACACATCT,2026,5,Feces,HS-02-FEC,HS-02,S-KUHIMM
PK-003,5.591855586,5.592919276,5.60443455,5.6027601,5.584815096,5.592021788,5.597851629,5.609942987,5.602756635,5.590727253,5.592076961,5.605216461,5.605846338,5.606301628,5.599025387,5.605759582,5.605865757,5.602901717,5.603886563,5.601902795,5.602874329,5.607487925,5.602070574,5.604917892,5.612458213,5.608536985,5.605415387,5.606248141,5.599150658,5.596931493,5.600532853,5.603090512,5.606939406,5.605840322,5.602749671,5.60391634,5.603845952,5.605559777,5.603255832,5.603659048,,,,,,,,,,,,,,,,,,,,,,,,,,,,,,,,,,,,,,,,,,,,,,,,,,,,,,,,,,,,,TAGGCATG,CTGTCTCTTATACACATCT,2026,5,Feces,HS-03-FEC,HS-03,S-KUHIMM
PK-004,5.099931701,5.09085989,5.095854077,5.099044727,5.095898554,5.105621615,5.105468979,5.09602199,5.097064318,5.084475502,5.095772001,5.089419162,5.101866061,5.097140762,5.099371079,5.104462685,5.101151603,5.110823873,5.101645067,5.102484821,5.105656315,5.100115726,5.099582109,5.095159642,5.101841131,5.108598389,5.100709376,5.092710347,5.092489739,5.098059746,5.100777597,5.101700799,5.101348624,5.097753638,5.101728305,5.097590623,5.099171211,5.098905533,5.099909721,5.102395354,,,,,,,,,,,,,,,,,,,,,,,,,,,,,,,,,,,,,,,,,,,,,,,,,,,,,,,,,,,,,TAGGCATG,CTGTCTCTTATACACATCT,2026,5,Feces,HS-04-FEC,HS-04,S-KUHIMM
PK-005,5.34481839,5.381766815,5.379989723,5.368929401,5.365759087,5.378906953,5.353134627,5.355084388,5.354935554,5.352301109,5.363174397,5.362154619,5.367392778,5.368753316,5.369611528,5.366472661,5.357515794,5.362688891,5.362644294,5.364747283,5.364701154,5.360417873,5.360039467,5.365758947,5.351913951,5.365064054,5.372770931,5.373620826,5.369260427,5.35851021,5.365341483,5.362718089,5.363672551,5.364782628,5.362914873,5.364470516,5.36637573,5.361862909,5.365080858,5.362096527,,,,,,,,,,,,,,,,,,,,,,,,,,,,,,,,,,,,,,,,,,,,,,,,,,,,,,,,,,,,,TAGGCATG,CTGTCTCTTATACACATCT,2026,5,Feces,HS-05-FEC,HS-05,S-KUHIMM
PK-006,5.074449873,5.076148171,5.076923867,5.082483274,5.081135136,5.070611988,5.064767183,5.068847421,5.069897299,5.081731974,5.072409814,5.076261336,5.076796078,5.074308191,5.075771187,5.075411097,5.073036736,5.074592114,5.066831524,5.076869942,5.073090719,5.068196645,5.07108441,5.071173115,5.082504643,5.076902236,5.075905918,5.077861076,5.07000703,5.074446183,5.074487775,5.072473329,5.076329548,5.074980576,5.073999705,5.075509559,5.075297754,5.075217749,5.075141282,5.076851049,,,,,,,,,,,,,,,,,,,,,,,,,,,,,,,,,,,,,,,,,,,,,,,,,,,,,,,,,,,,,CTCTCTAC,CTGTCTCTTATACACATCT,2026,5,Feces,HS-06-FEC,HS-06,S-KUHIMM
PK-079,5.559364771,5.570924754,5.565854832,5.561226939,5.567153119,5.58072865,5.561141747,5.576338498,5.572184768,5.574585876,5.565322413,5.570794133,5.570510667,5.571480158,5.571739905,5.57897328,5.571547684,5.560463125,5.562594707,5.568056342,5.571114905,5.569188798,5.566310747,5.573626782,5.572905756,5.573202131,5.573435432,5.573256921,5.578239838,5.561914618,5.574147907,5.575794192,5.573585561,5.567675583,5.573445184,5.572859894,5.568860922,5.572658166,5.568244627,5.570599352,5.570680516,5.573935467,5.571923354,5.573651412,5.573496968,5.572348491,5.575382889,5.575998953,5.567617102,5.576056128,5.572480679,5.571365616,5.573319333,5.571835911,5.572074492,5.571911046,5.570941515,5.573311688,5.571796528,5.572350016,,,,,,,,,,,,,,,,,,,,,,,,,,,,,,,,,,,,,,,,,GTAGAGGA,CTGTCTCTTATACACATCT,2026,5,GAM (KUHIMM),HS-01-CUL-48h,HS-01,S-KUHIMM
PK-080,5.742115985,5.739210379,5.735543075,5.725427715,5.739713889,5.727807318,5.736924949,5.730492333,5.733318155,5.733553368,5.744865354,5.733415502,5.737304558,5.736392773,5.734003742,5.732665574,5.738444316,5.735324096,5.728316346,5.738839096,5.738645152,5.733765926,5.732383799,5.734627373,5.734618016,5.740347982,5.732184303,5.737720902,5.73592345,5.736451232,5.736138219,5.739420351,5.735559179,5.732236088,5.732361376,5.735939561,5.736035372,5.733534332,5.733129232,5.733970995,5.73534217,5.738080554,5.736417388,5.736242432,5.73522325,5.736991306,5.737492007,5.736934397,5.736752479,5.736525522,,,,,,,,,,,,,,,,,,,,,,,,,,,,,,,,,,,,,,,,,,,,,,,,,,,GTAGAGGA,CTGTCTCTTATACACATCT,2026,5,0.4% Mucin,HS-01-B-48h,HS-01,S-KUHIMM
PK-081,5.709731696,5.704685074,5.710093121,5.703451163,5.704533151,5.692084694,5.71399069,5.704397071,5.703775619,5.706021945,5.711588187,5.696345159,5.71962783,5.701646872,5.704438643,5.716687913,5.699070586,5.720544077,5.699214318,5.713675687,5.702235255,5.704761786,5.708444282,5.710931585,5.706193607,5.703617717,5.708608931,5.705386273,5.711634074,5.701716285,5.712376771,5.707647361,5.711917969,5.706234128,5.712151154,5.708704746,5.70547364,5.710283699,5.70619364,5.708637193,5.706645627,5.709661926,5.713228186,5.708899887,5.709024484,5.708992532,5.713572132,5.711142169,5.707807089,5.708899378,5.710115076,5.707683572,5.708983031,5.711065381,5.709672142,5.7105791,5.708617655,5.709782837,5.710695622,5.709784053,,,,,,,,,,,,,,,,,,,,,,,,,,,,,,,,,,,,,,,,,GTAGAGGA,CTGTCTCTTATACACATCT,2026,5,0.8% Mucin (S-KUHIMM),HS-01-C-48h,HS-01,S-KUHIMM
PK-082,4.984880891,4.995934143,4.998205589,4.985528859,4.989952729,4.994741667,4.992735222,4.990631431,4.982517612,4.995386912,4.994880979,4.987425258,4.984008298,4.997292072,4.980524126,4.988995905,4.975968648,4.988349438,4.99406558,4.992500234,4.988924845,4.997870294,4.990596576,4.998130204,4.991455397,4.987231706,4.995980666,4.990891654,5.000105154,4.995997753,4.992092649,4.996866146,4.997441205,4.99137774,4.995597585,4.99625001,4.989048503,4.990790155,4.991223943,4.993830381,4.993717322,4.990752665,4.991459473,4.993853831,4.990938873,4.995906412,4.991268869,4.993720775,4.994800234,4.990087245,4.993283978,4.994436236,4.993568417,4.993347248,4.99513169,4.993662046,4.993416015,4.99478328,4.994141895,4.994379476,,,,,,,,,,,,,,,,,,,,,,,,,,,,,,,,,,,,,,,,,GTAGAGGA,CTGTCTCTTATACACATCT,2026,5,0.4% Pectin,HS-01-D-48h,HS-01,S-KUHIMM
PK-083,5.472145561,5.465226301,5.471416733,5.484191035,5.458105485,5.47413717,5.4764267,5.473498925,5.465454725,5.461804232,5.471066972,5.461683111,5.463717468,5.460014728,5.459811642,5.460959458,5.468050027,5.465556223,5.47283209,5.474588832,5.466713336,5.463067609,5.465363119,5.465652971,5.472853361,5.465823245,5.474214862,5.476156749,5.467519292,5.463788857,5.468422067,5.470371022,5.464198043,5.466855104,5.463311851,5.467861107,5.461543553,5.462418847,5.463289322,5.465844314,5.463429092,5.465188626,5.46944204,5.467795957,5.47370204,5.469833266,5.468004858,5.467948864,5.467695158,5.466382728,5.466107846,5.469379163,5.469998129,5.467742353,5.467922125,5.467718076,5.468098044,5.464293914,5.466628853,5.469193493,,,,,,,,,,,,,,,,,,,,,,,,,,,,,,,,,,,,,,,,,GTAGAGGA,CTGTCTCTTATACACATCT,2026,5,0.4% Xylan,HS-01-E-48h,HS-01,S-KUHIMM
PK-084,4.039695071,4.053025169,4.050015356,4.050220962,4.061039449,4.054844547,4.044259968,4.062447153,4.062314981,4.053630325,4.053921988,4.054115296,4.051736497,4.064225781,4.052100431,4.06081995,4.060102964,4.054827126,4.063129568,4.053725118,4.062435879,4.059837788,4.058995374,4.05851131,4.05409337,4.053483104,4.053622275,4.059526924,4.05895749,4.063183696,4.052072492,4.054239977,4.056093957,4.052648206,4.054314721,4.054456679,4.055491133,4.053138231,4.055193755,4.057737436,4.053169994,4.05314048,4.058560043,4.059783211,4.058883634,4.059956977,4.055868896,4.054828249,4.056265179,4.058109619,4.054891503,4.054449424,4.055454473,4.056101792,4.057916555,4.057710657,4.056931351,4.055671608,4.056560143,4.055218445,,,,,,,,,,,,,,,,,,,,,,,,,,,,,,,,,,,,,,,,,GTAGAGGA,CTGTCTCTTATACACATCT,2026,5,0.025% Sodium cholate+0.025% Chenodeoxycholic acid,HS-01-F-48h,HS-01,S-KUHIMM
PK-085,5.413045935,5.395473758,5.409419102,5.409985536,5.41266558,5.418836321,5.41288491,5.408185166,5.407920327,5.406224734,5.400518607,5.41110802,5.418926753,5.411664013,5.412038311,5.409838059,5.407749371,5.408371896,5.411788077,5.40468138,5.419091772,5.408707325,5.409618192,5.419156541,5.413893096,5.419703642,5.410566028,5.413127097,5.412376121,5.412509598,5.413642956,5.412837498,5.415203038,5.41078043,5.412103054,5.40968699,5.414351656,5.409331264,5.415059552,5.412985649,5.411927321,5.412952062,5.411519557,5.410977955,5.412762084,5.412594004,5.412198062,5.410871539,5.411456236,5.412450226,,,,,,,,,,,,,,,,,,,,,,,,,,,,,,,,,,,,,,,,,,,,,,,,,,,GTAGAGGA,CTGTCTCTTATACACATCT,2026,5,0.3% Sodium acetate,HS-01-G-48h,HS-01,S-KUHIMM
PK-086,5.422214912,5.429794605,5.404167088,5.428636008,5.42667444,5.417810031,5.416462415,5.424540413,5.418731542,5.421404129,5.423240627,5.415755565,5.417942569,5.414855321,5.422145928,5.428148295,5.426816909,5.415816166,5.427096805,5.418170905,5.415095131,5.418625873,5.420948128,5.418675692,5.416387354,5.419152733,5.418742258,5.42444578,5.4141282,5.411135133,5.420750312,5.42059863,5.420683357,5.422779387,5.41795368,5.420586804,5.416985767,5.418262415,5.422874987,5.420996865,,,,,,,,,,,,,,,,,,,,,,,,,,,,,,,,,,,,,,,,,,,,,,,,,,,,,,,,,,,,,GTAGAGGA,CTGTCTCTTATACACATCT,2026,5,0.1% D-Tryptophan,HS-01-H-48h,HS-01,S-KUHIMM
PK-087,5.127334081,5.138318742,5.12088606,5.126267093,5.132129819,5.116016471,5.130665308,5.129682937,5.131406247,5.12133612,5.137186389,5.126673949,5.131740292,5.116558466,5.136897735,5.123544533,5.125740487,5.136876665,5.144452226,5.130437193,5.138235225,5.125935847,5.130965299,5.129461241,5.128126332,5.126566637,5.12898011,5.138781777,5.131151241,5.133909608,5.132743322,5.123968362,5.132280971,5.131131964,5.127584917,5.131148219,5.128151941,5.134636259,5.136124586,5.130579629,5.129958303,5.131702976,5.127527718,5.12818625,5.130932923,5.127122254,5.125947957,5.13024784,5.132419349,5.131033306,5.13099647,5.130267566,5.128040973,5.130761332,5.130513886,5.130235893,5.130457517,5.131774134,5.128975121,5.129621692,,,,,,,,,,,,,,,,,,,,,,,,,,,,,,,,,,,,,,,,,GCTCATGA,CTGTCTCTTATACACATCT,2026,5,0.1% L-Arginine,HS-01-I-48h,HS-01,S-KUHIMM
PK-088,4.614127342,4.615356585,4.621428427,4.619641706,4.620582929,4.620089317,4.60879667,4.605010268,4.608227908,4.62637844,4.606473527,4.62189794,4.622051682,4.614894186,4.613526705,4.618904055,4.615675555,4.608070951,4.617178582,4.612002945,4.615508251,4.61490602,4.614041839,4.608107856,4.620101564,4.608806373,4.621973815,4.620896168,4.610449323,4.60986024,4.61075059,4.61300117,4.610781844,4.608860405,4.618373202,4.611630359,4.615173832,4.618220153,4.615670325,4.614600002,4.614905906,4.615074067,4.614659277,4.617292411,4.616907303,4.615048567,4.616674931,4.616548674,4.61668676,4.615077766,,,,,,,,,,,,,,,,,,,,,,,,,,,,,,,,,,,,,,,,,,,,,,,,,,,GCTCATGA,CTGTCTCTTATACACATCT,2026,5,0.25% Sodium thioglycolate,HS-01-J-48h,HS-01,S-KUHIMM
PK-089,5.52465189,5.517659124,5.51310467,5.510100633,5.51531773,5.519291207,5.524908888,5.521283816,5.522928676,5.509425312,5.52106926,5.518609016,5.51228514,5.510652959,5.518549723,5.514140719,5.510544476,5.514160216,5.511458153,5.512624525,5.515648208,5.511049193,5.511460558,5.517229072,5.512840138,5.513918819,5.520753853,5.51683771,5.51503389,5.512208967,5.517719339,5.514708077,5.517613324,5.51950743,5.513626201,5.514912743,5.516948584,5.51475809,5.514947393,5.518362581,,,,,,,,,,,,,,,,,,,,,,,,,,,,,,,,,,,,,,,,,,,,,,,,,,,,,,,,,,,,,GCTCATGA,CTGTCTCTTATACACATCT,2026,5,0.01% Magnesium sulfate Heptahydrate,HS-01-K-48h,HS-01,S-KUHIMM
PK-090,5.608846954,5.607861491,5.601361723,5.613960891,5.607917015,5.61292291,5.593213344,5.609438867,5.622285464,5.609804438,5.611263905,5.611947567,5.609274981,5.608244258,5.608443574,5.610849798,5.618631843,5.619106809,5.614304339,5.611639467,5.607953325,5.609019974,5.609541798,5.607454471,5.611088106,5.607987595,5.605554494,5.611140301,5.608411927,5.614503005,5.610026682,5.610082552,5.61232402,5.612312745,5.607188113,5.608936552,5.61147785,5.61205121,5.609122711,5.614949907,5.612221328,5.612442286,5.610646994,5.609242419,5.611932842,5.610967319,5.609707062,5.614980086,5.6110794,5.608956098,,,,,,,,,,,,,,,,,,,,,,,,,,,,,,,,,,,,,,,,,,,,,,,,,,,GCTCATGA,CTGTCTCTTATACACATCT,2026,5,0.01% Calcium chloride dihydrate,HS-01-L-48h,HS-01,S-KUHIMM
PK-091,5.257194772,5.255203491,5.236897811,5.242947759,5.254433781,5.252874172,5.232618065,5.239824724,5.244422802,5.247574164,5.248110566,5.249888496,5.244755961,5.241333776,5.251537821,5.249018623,5.23904177,5.242804425,5.243257648,5.235987694,5.245626844,5.235318476,5.246929144,5.249542295,5.237205458,5.244095411,5.246003424,5.248086968,5.248026526,5.251848037,5.242256544,5.245145341,5.239894175,5.247848326,5.252130198,5.241894979,5.242806217,5.239205022,5.24237693,5.243653967,5.247040819,5.242780883,5.246189358,5.246941351,5.241783141,5.24729497,5.247123314,5.243567191,5.243515505,5.241576682,5.247241754,5.2471792,5.244217363,5.246410522,5.245031222,5.243820142,5.246264354,5.245308149,5.242103483,5.243879541,,,,,,,,,,,,,,,,,,,,,,,,,,,,,,,,,,,,,,,,,GCTCATGA,CTGTCTCTTATACACATCT,2026,5,GAM (KUHIMM),HS-02-CUL-48h,HS-02,S-KUHIMM
PK-092,5.701965063,5.691490826,5.68672403,5.684891476,5.688663667,5.685508089,5.686582,5.683481775,5.686209513,5.687994959,5.689488585,5.682413265,5.692765705,5.687294752,5.680359579,5.692671464,5.692110319,5.687211986,5.685062873,5.694275758,5.689447343,5.682576423,5.686963514,5.677125815,5.686590381,5.689610152,5.69676368,5.692959818,5.687405811,5.689205931,5.681552184,5.686366028,5.695450128,5.683168048,5.69503859,5.693304639,5.688317293,5.692594336,5.693170827,5.686463901,5.689855887,5.68570894,5.691089559,5.689202997,5.690909796,5.693076544,5.689251788,5.688545371,5.693516002,5.694465295,5.692578357,5.690105977,5.687287641,5.68946958,5.690605535,5.689660707,5.691522682,5.687094829,5.689842758,5.689944216,,,,,,,,,,,,,,,,,,,,,,,,,,,,,,,,,,,,,,,,,GCTCATGA,CTGTCTCTTATACACATCT,2026,5,0.4% Mucin,HS-02-B-48h,HS-02,S-KUHIMM
PK-093,5.57152604,5.576493853,5.578352908,5.571769228,5.583161901,5.582407614,5.567558437,5.571940756,5.588744229,5.585312698,5.579071,5.578250361,5.577260705,5.571374366,5.590669741,5.578627188,5.581667357,5.574164571,5.584785808,5.575308449,5.571182209,5.569438169,5.588755529,5.571256754,5.57294329,5.579846686,5.583840223,5.579179239,5.574195613,5.58563479,5.576760764,5.578596922,5.576020219,5.581222804,5.578907605,5.584972773,5.577919606,5.579340599,5.580661259,5.57827987,5.584700524,5.580860828,5.579515088,5.577778312,5.581048008,5.581322107,5.579767599,5.581728224,5.579640015,5.581425622,,,,,,,,,,,,,,,,,,,,,,,,,,,,,,,,,,,,,,,,,,,,,,,,,,,GCTCATGA,CTGTCTCTTATACACATCT,2026,5,0.8% Mucin (S-KUHIMM),HS-02-C-48h,HS-02,S-KUHIMM
PK-094,4.149792387,4.155646904,4.145706699,4.145581353,4.145336779,4.165856479,4.160852718,4.153991504,4.170895027,4.156694259,4.152549963,4.159003849,4.149430848,4.16025522,4.155819924,4.154208014,4.165195008,4.154670903,4.14625006,4.1603674,4.153971148,4.154554994,4.157268232,4.161811162,4.159668349,4.154536823,4.153383212,4.157574834,4.162220541,4.172839028,4.156198332,4.163017676,4.162870237,4.163253451,4.156531073,4.152158019,4.155811302,4.169994638,4.157912779,4.161776682,4.162770497,4.161185512,4.161782039,4.164012746,4.161410196,4.160718611,4.158449246,4.159966555,4.15465797,4.159011082,4.159477653,4.160672367,4.158227712,4.157658791,4.159238369,4.15889089,4.161859622,4.160016804,4.161048028,4.160508869,,,,,,,,,,,,,,,,,,,,,,,,,,,,,,,,,,,,,,,,,GCTCATGA,CTGTCTCTTATACACATCT,2026,5,0.4% Pectin,HS-02-D-48h,HS-02,S-KUHIMM
PK-095,4.917544355,4.940135352,4.906780868,4.939574579,4.92707367,4.914200728,4.919269346,4.926642421,4.932105659,4.910989104,4.92561505,4.909737368,4.921359008,4.927709293,4.909508475,4.931648856,4.915685548,4.922474804,4.914803973,4.929040692,4.921957389,4.916303306,4.917989138,4.923305239,4.917631343,4.919243531,4.915089239,4.919376688,4.918837707,4.915374761,4.917829324,4.916118793,4.918906764,4.923945708,4.915278257,4.914813785,4.920481881,4.920495027,4.923641931,4.919399261,4.91711146,4.914847876,4.922190051,4.922167158,4.918438756,4.918643441,4.922042268,4.921241092,4.918016768,4.925129443,4.91931891,4.920623161,4.919379277,4.919464584,4.920436431,4.918699483,4.91734001,4.918941301,4.919085316,4.919047451,,,,,,,,,,,,,,,,,,,,,,,,,,,,,,,,,,,,,,,,,ATCTCAGG,CTGTCTCTTATACACATCT,2026,5,0.4% Xylan,HS-02-E-48h,HS-02,S-KUHIMM
PK-096,3.714069384,3.702243868,3.703748097,3.695377637,3.706489867,3.701671231,3.707056275,3.702942482,3.712107312,3.698383585,3.697701202,3.703368986,3.69014575,3.699982657,3.706036113,3.706020204,3.689430608,3.700528579,3.692440652,3.694794817,3.69603785,3.70952779,3.694152613,3.692625709,3.701533762,3.697083229,3.697764721,3.685644168,3.698487304,3.703891261,3.704772124,3.705708337,3.699605385,3.702733862,3.692574168,3.703404651,3.690293467,3.708419941,3.699769599,3.70065706,3.702478003,3.698600437,3.702619422,3.695374423,3.699475724,3.703157648,3.69459186,3.696796286,3.699070512,3.704222746,3.700024287,3.701793371,3.698718577,3.697018953,3.699652114,3.699338449,3.700292577,3.699095976,3.698490507,3.699953468,,,,,,,,,,,,,,,,,,,,,,,,,,,,,,,,,,,,,,,,,ATCTCAGG,CTGTCTCTTATACACATCT,2026,5,0.025% Sodium cholate+0.025% Chenodeoxycholic acid,HS-02-F-48h,HS-02,S-KUHIMM
PK-097,4.89490385,4.904409591,4.899103987,4.908932979,4.913024999,4.901288844,4.911872752,4.905136072,4.911486748,4.906775029,4.900582827,4.902398001,4.90798325,4.910808484,4.908255331,4.901913782,4.89888868,4.902258841,4.899476195,4.899667394,4.907228153,4.913340807,4.909959303,4.908694232,4.904442132,4.903459526,4.908171122,4.907844547,4.902375634,4.901635298,4.906821351,4.908187589,4.908134821,4.905006647,4.905359075,4.905999865,4.900532051,4.896013744,4.906610577,4.904306521,4.906081136,4.905099595,4.904149075,4.904610203,4.907468377,4.905722889,4.905164797,4.906891508,4.90222048,4.906035376,,,,,,,,,,,,,,,,,,,,,,,,,,,,,,,,,,,,,,,,,,,,,,,,,,,ATCTCAGG,CTGTCTCTTATACACATCT,2026,5,0.3% Sodium acetate,HS-02-G-48h,HS-02,S-KUHIMM
PK-098,5.174793146,5.183878667,5.17482132,5.17520849,5.175970018,5.182851714,5.180204029,5.180193924,5.183843988,5.182494982,5.180341118,5.186714479,5.180954988,5.186581858,5.178503963,5.179876607,5.17462597,5.168780811,5.174942057,5.187229877,5.175281206,5.176128711,5.181379474,5.184542777,5.175399194,5.180344141,5.18026385,5.181868291,5.177806732,5.172803294,5.179567224,5.179739021,5.176252662,5.184457219,5.179849044,5.181419599,5.176662397,5.177285025,5.178148945,5.176554926,5.181537395,5.183120436,5.181813376,5.17917049,5.182958603,5.181150247,5.178882038,5.184172685,5.179533744,5.185868165,,,,,,,,,,,,,,,,,,,,,,,,,,,,,,,,,,,,,,,,,,,,,,,,,,,ATCTCAGG,CTGTCTCTTATACACATCT,2026,5,0.1% D-Tryptophan,HS-02-H-48h,HS-02,S-KUHIMM
PK-099,5.124743975,5.128945622,5.131308713,5.125657877,5.140503201,5.130659666,5.131566299,5.13342858,5.134501778,5.126126629,5.1322213,5.135672476,5.134639664,5.133664441,5.11822002,5.133203584,5.128763233,5.13685063,5.131427628,5.129505006,5.128227098,5.128870722,5.129426221,5.138516316,5.13087305,5.139628496,5.132598601,5.127572792,5.139599628,5.128481229,5.132435326,5.139267109,5.14311201,5.130699688,5.136405012,5.137454591,5.129821642,5.136007649,5.139972589,5.1360941,5.137355269,5.133915614,5.135956058,5.135083955,5.134279324,5.138005326,5.134302973,5.131940413,5.133746734,5.139900917,5.134630095,5.135115388,5.133644303,5.135918691,5.134958287,5.133489578,5.134573927,5.134777497,5.135408792,5.135309439,,,,,,,,,,,,,,,,,,,,,,,,,,,,,,,,,,,,,,,,,ATCTCAGG,CTGTCTCTTATACACATCT,2026,5,0.1% L-Arginine,HS-02-I-48h,HS-02,S-KUHIMM
PK-100,3.921229986,3.922980307,3.904679925,3.897331037,3.901108018,3.905888691,3.911431089,3.91271654,3.91393938,3.909568955,3.899553616,3.910526381,3.912515374,3.908931838,3.906539817,3.899413508,3.911946069,3.914639641,3.903367311,3.905667911,3.912695601,3.912636773,3.911604651,3.921022761,3.913907477,3.906460355,3.904839652,3.91628146,3.909719647,3.907601021,3.906679414,3.903418269,3.911447967,3.909029084,3.91077799,3.913099143,3.907815236,3.918565095,3.909511376,3.910264922,3.910957043,3.912777878,3.91107298,3.909853585,3.912173633,3.909894536,3.911009069,3.911058888,3.907558633,3.906236544,,,,,,,,,,,,,,,,,,,,,,,,,,,,,,,,,,,,,,,,,,,,,,,,,,,ATCTCAGG,CTGTCTCTTATACACATCT,2026,5,0.25% Sodium thioglycolate,HS-02-J-48h,HS-02,S-KUHIMM
PK-101,4.994791657,4.993811906,5.005235456,4.992054285,5.00217083,5.002654912,5.002799462,5.011287721,4.995864568,4.996538165,5.003818614,5.004523683,5.00229048,5.002446166,4.986671343,4.994572229,4.998993325,4.995304558,4.998586584,4.992911445,5.002091826,5.012455654,5.004549869,5.00468787,4.99874183,4.997483925,5.002539349,5.002469545,5.002110227,4.998088934,5.004237836,5.002435746,4.996779069,4.999569061,4.99945574,4.998936804,4.994518318,4.997059087,5.009876934,5.002523304,5.00746555,5.00401954,5.000168711,4.999025404,5.001486673,5.001977578,4.99488145,5.004925732,5.001689911,5.001713096,5.00061449,4.999488708,4.999289765,5.001177425,5.000635759,4.999837633,5.000666916,5.000638567,5.003557489,4.998427988,,,,,,,,,,,,,,,,,,,,,,,,,,,,,,,,,,,,,,,,,ATCTCAGG,CTGTCTCTTATACACATCT,2026,5,0.01% Magnesium sulfate Heptahydrate,HS-02-K-48h,HS-02,S-KUHIMM
PK-102,5.220070326,5.196276681,5.206166071,5.216405151,5.210493605,5.214536577,5.190673677,5.203295122,5.205093325,5.211579841,5.212615138,5.192777877,5.206941139,5.210028866,5.204130345,5.208569694,5.209152202,5.202356569,5.209339878,5.201186882,5.204502927,5.202585264,5.211224777,5.205634261,5.212109882,5.203859537,5.20229101,5.211476125,5.215924141,5.205644092,5.209859697,5.209497527,5.204773944,5.209452564,5.209555453,5.209467475,5.208820986,5.205920972,5.207917906,5.206368753,5.205699132,5.202255063,5.209027569,5.205195341,5.206575817,5.207631132,5.21275813,5.204410853,5.209699015,5.205049148,5.209124893,5.205838248,5.206522536,5.206611105,5.205056849,5.206525561,5.207126905,5.20696476,5.206864356,5.210588357,,,,,,,,,,,,,,,,,,,,,,,,,,,,,,,,,,,,,,,,,ATCTCAGG,CTGTCTCTTATACACATCT,2026,5,0.01% Calcium chloride dihydrate,HS-02-L-48h,HS-02,S-KUHIMM
PK-103,5.59904724,5.607441519,5.599710099,5.598662586,5.594961429,5.600062937,5.59721481,5.603042476,5.6057271,5.601067568,5.60642156,5.594869979,5.605152554,5.604461494,5.607478654,5.615599994,5.610138369,5.598964923,5.600157637,5.598468329,5.605017549,5.605208878,5.606982315,5.602496705,5.611783072,5.600125164,5.604217551,5.606163381,5.608327439,5.602472934,5.606751843,5.613380967,5.614130455,5.61045944,5.61122095,5.608055099,5.61006101,5.608863867,5.604825566,5.611250815,5.607577936,5.605497453,5.605806613,5.606248469,5.607819852,5.610521246,5.606996084,5.609202774,5.607283653,5.606768063,,,,,,,,,,,,,,,,,,,,,,,,,,,,,,,,,,,,,,,,,,,,,,,,,,,ATCTCAGG,CTGTCTCTTATACACATCT,2026,5,GAM (KUHIMM),HS-03-CUL-48h,HS-03,S-KUHIMM
PK-104,5.83651121,5.842495955,5.83094437,5.834836608,5.849288804,5.834706859,5.837354696,5.838585155,5.819645565,5.829410208,5.834352744,5.828823322,5.84431975,5.835358746,5.841662002,5.841564583,5.828724841,5.841904531,5.834191907,5.835626563,5.834166102,5.839414479,5.837624321,5.83574435,5.839546959,5.839431387,5.83788477,5.837438823,5.835086953,5.839901239,5.843608466,5.83711653,5.835853003,5.83468674,5.836671743,5.842238935,5.839672213,5.832519005,5.841321887,5.839724143,5.840661708,5.840511069,5.840796354,5.839448087,5.836877212,5.840024951,5.840112075,5.84103268,5.836917951,5.836787191,,,,,,,,,,,,,,,,,,,,,,,,,,,,,,,,,,,,,,,,,,,,,,,,,,,ATCTCAGG,CTGTCTCTTATACACATCT,2026,5,0.4% Mucin,HS-03-B-48h,HS-03,S-KUHIMM
PK-105,5.86830603,5.870562906,5.858838449,5.86748089,5.875270348,5.887993298,5.878704157,5.867097709,5.864230484,5.874808495,5.877325381,5.876156649,5.876449863,5.875035812,5.879837902,5.88068583,5.864704998,5.867237988,5.868248182,5.867162202,5.87237514,5.872047281,5.862566156,5.87169967,5.871759995,5.868521336,5.868463304,5.870663437,5.869064044,5.875238702,5.874837527,5.868503806,5.870086735,5.870345019,5.872861087,5.871935706,5.87267213,5.868556639,5.876317197,5.875538944,5.87187941,5.874153313,5.86980168,5.869609221,5.872841766,5.877829712,5.870467039,5.871479149,5.872490498,5.868790163,,,,,,,,,,,,,,,,,,,,,,,,,,,,,,,,,,,,,,,,,,,,,,,,,,,ATCTCAGG,CTGTCTCTTATACACATCT,2026,5,0.8% Mucin (S-KUHIMM),HS-03-C-48h,HS-03,S-KUHIMM
PK-106,5.327690446,5.334358159,5.345939557,5.341131145,5.336981307,5.348994277,5.322862794,5.339167364,5.33098803,5.34219896,5.334137183,5.344520194,5.344796928,5.344761896,5.33333239,5.352612982,5.32859984,5.338163693,5.344906601,5.335889663,5.338771557,5.339393459,5.333889506,5.339857288,5.335570874,5.34421222,5.343602944,5.340863955,5.338185356,5.336668313,5.337176053,5.338458847,5.335468157,5.342066286,5.339956062,5.340371119,5.343778599,5.33865872,5.342074164,5.340409509,,,,,,,,,,,,,,,,,,,,,,,,,,,,,,,,,,,,,,,,,,,,,,,,,,,,,,,,,,,,,ATCTCAGG,CTGTCTCTTATACACATCT,2026,5,0.4% Pectin,HS-03-D-48h,HS-03,S-KUHIMM
PK-107,5.466864499,5.456310987,5.462442411,5.46042849,5.466483652,5.465761525,5.462005427,5.453528241,5.465703211,5.461139677,5.46260823,5.45629528,5.45927467,5.465715232,5.467470623,5.470624329,5.464015125,5.453926145,5.472365547,5.471834498,5.464917868,5.466701597,5.463035796,5.457455744,5.459603309,5.458059716,5.466001112,5.472818711,5.460150681,5.462364326,5.465405491,5.468562336,5.465776557,5.468577305,5.46779259,5.464212655,5.468635525,5.468554136,5.462206168,5.471247255,5.468431402,5.464386194,5.465446976,5.466962259,5.469051728,5.467302478,5.465036616,5.467284301,5.464409742,5.466529422,,,,,,,,,,,,,,,,,,,,,,,,,,,,,,,,,,,,,,,,,,,,,,,,,,,ATCTCAGG,CTGTCTCTTATACACATCT,2026,5,0.4% Xylan,HS-03-E-48h,HS-03,S-KUHIMM
PK-108,3.797252821,3.802275136,3.810257704,3.795697135,3.806587433,3.807612941,3.788227448,3.798226708,3.796771921,3.791119352,3.797397103,3.790641772,3.797031916,3.798622223,3.796747853,3.79661409,3.802226852,3.804464363,3.807835394,3.795503366,3.803489883,3.802279139,3.800471151,3.800905895,3.795905402,3.797246517,3.803952523,3.802622111,3.800639915,3.807273011,3.802047637,3.804691425,3.796159141,3.803009587,3.796379253,3.799428977,3.805008882,3.802995549,3.803334836,3.798099807,,,,,,,,,,,,,,,,,,,,,,,,,,,,,,,,,,,,,,,,,,,,,,,,,,,,,,,,,,,,,ATCTCAGG,CTGTCTCTTATACACATCT,2026,5,0.025% Sodium cholate+0.025% Chenodeoxycholic acid,HS-03-F-48h,HS-03,S-KUHIMM
PK-109,5.442201856,5.455658,5.453536638,5.440597697,5.452158031,5.446290226,5.451406669,5.463243345,5.447037103,5.45533737,5.450773189,5.443572693,5.453708468,5.439397444,5.449010315,5.449122375,5.435404545,5.457687243,5.444655369,5.443881732,5.44098249,5.454038959,5.451123896,5.447720886,5.449303101,5.446666135,5.448444246,5.454971239,5.454091722,5.454011555,5.450651753,5.451398142,5.452668328,5.4509445,5.450122157,5.447231587,5.449145204,5.451147776,5.452139311,5.449979212,,,,,,,,,,,,,,,,,,,,,,,,,,,,,,,,,,,,,,,,,,,,,,,,,,,,,,,,,,,,,ATCTCAGG,CTGTCTCTTATACACATCT,2026,5,0.3% Sodium acetate,HS-03-G-48h,HS-03,S-KUHIMM
PK-110,5.445575471,5.441915974,5.456860521,5.445584085,5.444359128,5.453853312,5.45742478,5.455755139,5.44836766,5.46311438,5.448081824,5.456158034,5.456746517,5.453906428,5.443108374,5.444783836,5.452644923,5.44531547,5.444320947,5.451725959,5.446054935,5.452043142,5.450391504,5.452449721,5.456202976,5.444179952,5.448018624,5.45014564,5.443937826,5.448921411,5.450566051,5.455151307,5.455762452,5.44908869,5.450797165,5.451484154,5.446992775,5.44939706,5.449173462,5.451988808,,,,,,,,,,,,,,,,,,,,,,,,,,,,,,,,,,,,,,,,,,,,,,,,,,,,,,,,,,,,,ATCTCAGG,CTGTCTCTTATACACATCT,2026,5,0.1% D-Tryptophan,HS-03-H-48h,HS-03,S-KUHIMM
PK-111,5.120740101,5.128445533,5.116090652,5.117811174,5.119917348,5.130140372,5.115904298,5.114068496,5.111276904,5.119158304,5.117878002,5.11351803,5.12865078,5.108319374,5.124164643,5.118813163,5.120704941,5.107485071,5.113945826,5.125878048,5.120800212,5.122058156,5.126307864,5.122420855,5.127145034,5.12627764,5.127274658,5.119358208,5.120373984,5.119260012,5.120205935,5.127129516,5.120682003,5.118884735,5.114469574,5.124434779,5.119802426,5.117737741,5.12017005,5.123616683,5.121498523,5.123439469,5.124206123,5.119897094,5.120325511,5.12460687,5.125580247,5.122636313,5.125987944,5.119724069,,,,,,,,,,,,,,,,,,,,,,,,,,,,,,,,,,,,,,,,,,,,,,,,,,,ATCTCAGG,CTGTCTCTTATACACATCT,2026,5,0.1% L-Arginine,HS-03-I-48h,HS-03,S-KUHIMM
PK-112,5.893139656,5.893626159,5.887360938,5.899306509,5.895466517,5.883649616,5.891947187,5.889637559,5.89288946,5.88877741,5.897271907,5.89852518,5.890459323,5.890679082,5.900643989,5.895508309,5.889511105,5.896501615,5.887269998,5.888482955,5.890744594,5.897746212,5.893722133,5.892564693,5.901153198,5.89073942,5.894800058,5.887765893,5.898588339,5.888055265,5.894349229,5.895886368,5.894371381,5.893402147,5.891432681,5.89710001,5.892143345,5.890329771,5.891726011,5.896005797,5.890913908,5.893813922,5.896366942,5.890152295,5.893700006,5.89587314,5.892238478,5.894521821,5.89130515,5.895551294,,,,,,,,,,,,,,,,,,,,,,,,,,,,,,,,,,,,,,,,,,,,,,,,,,,ATCTCAGG,CTGTCTCTTATACACATCT,2026,5,0.25% Sodium thioglycolate,HS-03-J-48h,HS-03,S-KUHIMM
PK-113,5.717392611,5.70648158,5.712321089,5.706802103,5.699154819,5.695038245,5.698246488,5.707188908,5.714953484,5.702482725,5.703384742,5.70599149,5.708322486,5.69355908,5.69138904,5.704163721,5.703864458,5.707941493,5.693535737,5.705527555,5.710566617,5.704813983,5.708212657,5.705338604,5.708451912,5.705375154,5.700527282,5.700635677,5.704781912,5.703928693,5.702306088,5.701739419,5.702924634,5.703721283,5.705321868,5.708922358,5.706684898,5.706855785,5.706041601,5.703786833,,,,,,,,,,,,,,,,,,,,,,,,,,,,,,,,,,,,,,,,,,,,,,,,,,,,,,,,,,,,,ATCTCAGG,CTGTCTCTTATACACATCT,2026,5,0.01% Magnesium sulfate Heptahydrate,HS-03-K-48h,HS-03,S-KUHIMM
PK-114,5.711407849,5.710358231,5.704937086,5.71142647,5.708220452,5.717963149,5.705601548,5.718354436,5.703815654,5.714323662,5.715297675,5.719738387,5.711727642,5.708488169,5.705064078,5.713204654,5.714073191,5.710892449,5.70942278,5.713255066,5.72185076,5.709657163,5.7184752,5.720409345,5.708430085,5.715230583,5.71441062,5.706877351,5.713925344,5.718243936,5.714714285,5.715349722,5.71121615,5.715479415,5.713549361,5.714773352,5.715981994,5.71645877,5.714801396,5.712837701,,,,,,,,,,,,,,,,,,,,,,,,,,,,,,,,,,,,,,,,,,,,,,,,,,,,,,,,,,,,,ATCTCAGG,CTGTCTCTTATACACATCT,2026,5,0.01% Calcium chloride dihydrate,HS-03-L-48h,HS-03,S-KUHIMM
PK-115,4.534504652,4.52438332,4.526805205,4.535391476,4.52289111,4.529934713,4.524386126,4.536728461,4.530527129,4.530302578,4.525114252,4.534743785,4.536908233,4.536193058,4.538484465,4.536675486,4.529723254,4.529726013,4.52642962,4.52800725,4.535032953,4.531662664,4.532197545,4.525767479,4.532947827,4.525991843,4.534264218,4.534896447,4.528145695,4.527394585,4.529661521,4.527994542,4.528309253,4.527230837,4.532037863,4.527679786,4.526162464,4.531294061,4.526658199,4.530469362,4.530750959,4.530369849,4.529036642,4.532339143,4.530264139,4.531952695,4.532146107,4.532483764,4.530867835,4.531093918,,,,,,,,,,,,,,,,,,,,,,,,,,,,,,,,,,,,,,,,,,,,,,,,,,,ATCTCAGG,CTGTCTCTTATACACATCT,2026,5,GAM (KUHIMM),HS-04-CUL-48h,HS-04,S-KUHIMM
PK-118,3.285511092,3.281118135,3.295060577,3.285782576,3.288726412,3.298392647,3.288508071,3.285548331,3.281376623,3.297767504,3.291854557,3.291126823,3.291173972,3.289828942,3.290442812,3.28522186,3.283514958,3.293365142,3.292316071,3.289326305,3.295307615,3.293636934,3.289972732,3.296081848,3.287940977,3.291006266,3.291836386,3.287160271,3.290070455,3.294101109,,,,,,,,,,,,,,,,,,,,,,,,,,,,,,,,,,,,,,,,,,,,,,,,,,,,,,,,,,,,,,,,,,,,,,,ATCTCAGG,CTGTCTCTTATACACATCT,2026,5,0.4% Pectin,HS-04-D-48h,HS-04,S-KUHIMM
PK-119,4.635926157,4.633716491,4.630138623,4.609104468,4.645561353,4.636236572,4.617961147,4.6285553,4.639765766,4.622613941,4.632806908,4.626432902,4.627627331,4.630261104,4.625031273,4.621950021,4.632400947,4.620740926,4.62825455,4.635929871,4.628221056,4.632013601,4.63183138,4.625395855,4.62901977,4.628067048,4.627438795,4.623702816,4.629683342,4.631188893,4.62618864,4.633075388,4.627076308,4.628775385,4.628364863,4.630404348,4.626130092,4.633147496,4.620921812,4.631032894,4.629998645,4.628058796,4.624729163,4.630301261,4.626461576,4.625744417,4.629393716,4.62214412,4.628330287,4.628334435,,,,,,,,,,,,,,,,,,,,,,,,,,,,,,,,,,,,,,,,,,,,,,,,,,,ATCTCAGG,CTGTCTCTTATACACATCT,2026,5,0.4% Xylan,HS-04-E-48h,HS-04,S-KUHIMM
PK-120,2.993688611,3.006257915,3.004315209,2.986453259,2.998435053,2.985791181,2.983959456,2.988730051,2.975612182,3.00006808,2.983146822,2.999288976,2.985893687,2.983867314,2.978998434,2.989341418,2.989945314,2.989909322,2.990813684,2.9925191,2.991357566,2.989701218,2.999799518,2.985438628,2.989122453,2.985642051,2.993337283,2.986026413,2.992768744,2.992311853,2.993046535,2.993051704,2.990820638,2.986741133,2.992104383,2.99671189,2.993028247,2.988320804,2.994473579,2.993128342,2.990024187,2.991772026,2.98939198,2.990306233,2.990532579,2.991766758,2.988662681,2.990007463,2.990906359,2.992048084,,,,,,,,,,,,,,,,,,,,,,,,,,,,,,,,,,,,,,,,,,,,,,,,,,,ATCTCAGG,CTGTCTCTTATACACATCT,2026,5,0.025% Sodium cholate+0.025% Chenodeoxycholic acid,HS-04-F-48h,HS-04,S-KUHIMM
PK-121,4.5778198,4.566692008,4.567013203,4.5750649,4.578495185,4.56834187,4.571579563,4.577043281,4.562173838,4.573507811,4.564683583,4.574569111,4.575617489,4.570117777,4.56465328,4.57318647,4.572261793,4.5627101,4.569345589,4.574714003,4.574641389,4.573345517,4.572754714,4.575620282,4.570555615,4.56703116,4.570302407,4.571044372,4.574495162,4.575592541,4.57174186,4.570457044,4.569390136,4.570686631,4.569846618,4.572292396,4.573126682,4.568705847,4.56950603,4.569320502,,,,,,,,,,,,,,,,,,,,,,,,,,,,,,,,,,,,,,,,,,,,,,,,,,,,,,,,,,,,,ATCTCAGG,CTGTCTCTTATACACATCT,2026,5,0.3% Sodium acetate,HS-04-G-48h,HS-04,S-KUHIMM
PK-122,4.620645329,4.615456785,4.617618721,4.618909634,4.606625503,4.607000292,4.616834875,4.622880844,4.618609695,4.616572813,4.61184281,4.604445782,4.611111077,4.623592931,4.619131877,4.622366954,4.610341564,4.612689099,4.612812765,4.620175928,4.617094358,4.618382912,4.617392917,4.611356409,4.624748672,4.614780905,4.622590986,4.621428733,4.625350827,4.617057249,4.613646043,4.611767804,4.620195784,4.61280681,4.615582219,4.617423664,4.612969305,4.612585402,4.612196847,4.617769938,,,,,,,,,,,,,,,,,,,,,,,,,,,,,,,,,,,,,,,,,,,,,,,,,,,,,,,,,,,,,ATCTCAGG,CTGTCTCTTATACACATCT,2026,5,0.1% D-Tryptophan,HS-04-H-48h,HS-04,S-KUHIMM
PK-123,4.438697741,4.444761892,4.431952187,4.4233086,4.450134631,4.442188173,4.456867855,4.441461762,4.4428874,4.448030347,4.437705067,4.442339016,4.442898917,4.44530701,4.449909004,4.451975281,4.451351232,4.443786084,4.444194267,4.456997638,4.44760547,4.447076135,4.445326259,4.439640693,4.447806214,4.440223303,4.441167075,4.446208275,4.443128522,4.44264691,4.440532984,4.442444536,4.45212652,4.446109232,4.447885428,4.445701102,4.451912746,4.447732032,4.447044497,4.452159523,4.443142851,4.446706211,4.44457692,4.447137607,4.449600556,4.441719405,4.446122948,4.443081343,4.444212452,4.444771775,,,,,,,,,,,,,,,,,,,,,,,,,,,,,,,,,,,,,,,,,,,,,,,,,,,ATCTCAGG,CTGTCTCTTATACACATCT,2026,5,0.1% L-Arginine,HS-04-I-48h,HS-04,S-KUHIMM
PK-124,3.73930449,3.724874986,3.731413323,3.740426557,3.718346736,3.742053922,3.744545301,3.724541258,3.729241397,3.730580841,3.737941729,3.733643733,3.735008469,3.742955973,3.731047144,3.725955235,3.739596787,3.736812499,3.740172748,3.728494132,3.726024684,3.735222897,3.736076588,3.735836829,3.736025865,3.732060766,3.730027397,3.732730717,3.732389842,3.731879717,,,,,,,,,,,,,,,,,,,,,,,,,,,,,,,,,,,,,,,,,,,,,,,,,,,,,,,,,,,,,,,,,,,,,,,ATCTCAGG,CTGTCTCTTATACACATCT,2026,5,0.25% Sodium thioglycolate,HS-04-J-48h,HS-04,S-KUHIMM
PK-125,4.574665716,4.573422573,4.572591187,4.555317391,4.565397035,4.572433556,4.567191448,4.566670948,4.573278388,4.572763177,4.564370196,4.567432961,4.559530979,4.568756854,4.55948262,4.578440655,4.572420277,4.559559062,4.575867241,4.569648201,4.572858397,4.570586329,4.573620699,4.570458757,4.575008547,4.56421256,4.562730035,4.569167443,4.568262204,4.565151975,4.574065065,4.575133768,4.572103786,4.575531495,4.577339933,4.572278289,4.574431624,4.570070871,4.56399982,4.573682245,4.569846395,4.57220042,4.571325014,4.568320298,4.571383364,4.569115808,4.570717722,4.570157573,4.572243695,4.57083595,,,,,,,,,,,,,,,,,,,,,,,,,,,,,,,,,,,,,,,,,,,,,,,,,,,ATCTCAGG,CTGTCTCTTATACACATCT,2026,5,0.01% Magnesium sulfate Heptahydrate,HS-04-K-48h,HS-04,S-KUHIMM
PK-126,4.653498255,4.647372438,4.640780219,4.647792536,4.654312658,4.644811032,4.643913196,4.654381869,4.669428805,4.664800135,4.664029824,4.663706798,4.644556025,4.658358667,4.65362977,4.659979022,4.654439348,4.651945347,4.655467503,4.655564282,4.662248272,4.658731323,4.663317921,4.653914564,4.655661033,4.644557471,4.655306875,4.6546164,4.647888392,4.655628088,4.649735908,4.653128427,4.653895161,4.658014208,4.653479246,4.659459695,4.654392157,4.653117348,4.651612636,4.652580543,4.655257142,4.654351648,4.654682622,4.654593334,4.654323231,4.653453173,4.653008433,4.654035208,4.653184728,4.655383241,,,,,,,,,,,,,,,,,,,,,,,,,,,,,,,,,,,,,,,,,,,,,,,,,,,ATCTCAGG,CTGTCTCTTATACACATCT,2026,5,0.01% Calcium chloride dihydrate,HS-04-L-48h,HS-04,S-KUHIMM
PK-127,4.93591677,4.938393692,4.944069628,4.935534667,4.928253462,4.933857419,4.941178265,4.938519135,4.93226851,4.941268319,4.939665531,4.927784623,4.935024774,4.924076337,4.929574613,4.931751999,4.932023683,4.928337668,4.930728473,4.940453714,4.935075634,4.931696291,4.925190593,4.937335731,4.93779403,4.937482449,4.936256745,4.931890886,4.936343722,4.934776391,4.936207007,4.93698668,4.938123935,4.931874486,4.940078262,4.93570299,4.933875524,4.936662935,4.938393555,4.943025539,,,,,,,,,,,,,,,,,,,,,,,,,,,,,,,,,,,,,,,,,,,,,,,,,,,,,,,,,,,,,ATCTCAGG,CTGTCTCTTATACACATCT,2026,5,GAM (KUHIMM),HS-05-CUL-48h,HS-05,S-KUHIMM
PK-128,5.515911607,5.522963161,5.509099181,5.492642518,5.500057719,5.520942565,5.515488642,5.514703118,5.515775431,5.513771019,5.52314327,5.52203002,5.518556045,5.518664514,5.522650356,5.510928843,5.513070734,5.512004251,5.518765699,5.518190768,5.511641759,5.515599939,5.521191274,5.513524555,5.518387817,5.523221569,5.518146881,5.520684796,5.512840812,5.520237663,5.522132443,5.515205768,5.50815904,5.520637156,5.513875841,5.522233808,5.522028985,5.517773991,5.523296878,5.520346022,5.517418758,5.521102833,5.520724019,5.512554105,5.514970125,5.517225476,5.515410911,5.518385813,5.516722587,5.519536989,,,,,,,,,,,,,,,,,,,,,,,,,,,,,,,,,,,,,,,,,,,,,,,,,,,ATCTCAGG,CTGTCTCTTATACACATCT,2026,5,0.4% Mucin,HS-05-B-48h,HS-05,S-KUHIMM
PK-129,5.492136864,5.499587,5.495097269,5.512978746,5.491362128,5.512007671,5.49682168,5.49720188,5.502822526,5.503163017,5.504924695,5.511353387,5.504491413,5.500222703,5.494241102,5.499740929,5.50417188,5.493609754,5.501832844,5.505658821,5.499295546,5.503804568,5.503797518,5.504044946,5.492954548,5.503252105,5.501022876,5.509108313,5.501170759,5.501122293,5.501322589,5.502396829,5.501653898,5.502108878,5.502300623,5.502237174,5.501508859,5.502374022,5.502801212,5.503005646,,,,,,,,,,,,,,,,,,,,,,,,,,,,,,,,,,,,,,,,,,,,,,,,,,,,,,,,,,,,,ATCTCAGG,CTGTCTCTTATACACATCT,2026,5,0.8% Mucin (S-KUHIMM),HS-05-C-48h,HS-05,S-KUHIMM
PK-130,4.319083113,4.316827033,4.334203952,4.330470264,4.321546581,4.328604033,4.338559899,4.321906038,4.325385284,4.330602632,4.324700604,4.325480854,4.323947164,4.330884958,4.328476773,4.332423873,4.330953886,4.323985203,4.332413308,4.32836867,4.331564694,4.332796939,4.322510117,4.325191817,4.328221381,4.325570646,4.332369339,4.326045046,4.324604594,4.322188138,4.325906592,4.328302228,4.331102343,4.330207492,4.331800354,4.322388358,4.329264481,4.33382924,4.328868626,4.328955647,,,,,,,,,,,,,,,,,,,,,,,,,,,,,,,,,,,,,,,,,,,,,,,,,,,,,,,,,,,,,ATCTCAGG,CTGTCTCTTATACACATCT,2026,5,0.4% Pectin,HS-05-D-48h,HS-05,S-KUHIMM
PK-131,4.291707408,4.291707408,4.291707408,4.291707408,4.291707408,4.291707408,4.291707408,4.291707408,4.291707408,4.291707408,,,,,,,,,,,,,,,,,,,,,,,,,,,,,,,,,,,,,,,,,,,,,,,,,,,,,,,,,,,,,,,,,,,,,,,,,,,,,,,,,,,,,,,,,,,ATCTCAGG,CTGTCTCTTATACACATCT,2026,5,0.4% Xylan,HS-05-E-48h,HS-05,S-KUHIMM
PK-132,3.444619859,3.420237174,3.441695564,3.434856401,3.435754684,3.442789098,3.447698533,3.440059079,3.435994147,3.439699631,3.446415156,3.442684648,3.443673042,3.438634139,3.434206215,3.441512655,3.418800081,3.439107548,3.440129582,3.440255761,3.447630371,3.427463883,3.434946108,3.426904907,3.435022469,3.443836052,3.445391692,3.435501142,3.440936922,3.435088059,3.435902698,3.43566317,3.435409754,3.437684815,3.438756072,3.442266654,3.441458934,3.433754978,3.434779339,3.4357585,,,,,,,,,,,,,,,,,,,,,,,,,,,,,,,,,,,,,,,,,,,,,,,,,,,,,,,,,,,,,ATCTCAGG,CTGTCTCTTATACACATCT,2026,5,0.025% Sodium cholate+0.025% Chenodeoxycholic acid,HS-05-F-48h,HS-05,S-KUHIMM
PK-133,4.908964995,4.896371481,4.914658862,4.900646081,4.90699463,4.905823077,4.906882748,4.915431758,4.910464109,4.912204414,4.91459316,4.921382454,4.912083869,4.911851196,4.910699553,4.914817643,4.904506029,4.909747157,4.914722784,4.906066305,4.91483297,4.911889636,4.91169592,4.911957379,4.907804251,4.91707025,4.909979613,4.919164116,4.910438401,4.912577673,4.912489636,4.911041235,4.911186989,4.913592441,4.913448142,4.9136229,4.912054595,4.910257939,4.914928106,4.913447825,,,,,,,,,,,,,,,,,,,,,,,,,,,,,,,,,,,,,,,,,,,,,,,,,,,,,,,,,,,,,ATCTCAGG,CTGTCTCTTATACACATCT,2026,5,0.3% Sodium acetate,HS-05-G-48h,HS-05,S-KUHIMM
PK-134,4.963769638,4.957929515,4.952865704,4.972825623,4.943757847,4.949488836,4.955778207,4.961192829,4.95716504,4.963287305,4.963626961,4.94846165,4.959920456,4.966410708,4.958628012,4.957674385,4.961334903,4.95173457,4.95098471,4.954086148,4.960822471,4.962930051,4.96650374,4.946421671,4.958340449,4.955039166,4.960881109,4.95800725,4.961185968,4.956841377,4.956932496,4.956721831,4.956717942,4.955369129,4.96235425,4.96279256,4.954378988,4.954867576,4.965418713,4.953308221,,,,,,,,,,,,,,,,,,,,,,,,,,,,,,,,,,,,,,,,,,,,,,,,,,,,,,,,,,,,,ATCTCAGG,CTGTCTCTTATACACATCT,2026,5,0.1% D-Tryptophan,HS-05-H-48h,HS-05,S-KUHIMM
PK-135,4.76125802,4.75755057,4.76977951,4.76073085,4.753054741,4.767409461,4.756970566,4.756607131,4.744176123,4.765936793,4.764287006,4.756008406,4.764693084,4.762803008,4.771303042,4.764604664,4.773401596,4.748002591,4.765130414,4.761892288,4.766838891,4.767368942,4.763369716,4.764344185,4.766266603,4.756092137,4.767404263,4.764009526,4.767430026,4.762667594,4.759908663,4.762641305,4.7724881,4.760072746,4.762412462,4.765978949,4.764267,4.767822792,4.768423958,4.761444499,4.764423007,4.763042957,4.765566543,4.765116807,4.762774864,4.767398225,4.764999011,4.76528618,4.765680338,4.764855816,,,,,,,,,,,,,,,,,,,,,,,,,,,,,,,,,,,,,,,,,,,,,,,,,,,ATCTCAGG,CTGTCTCTTATACACATCT,2026,5,0.1% L-Arginine,HS-05-I-48h,HS-05,S-KUHIMM
PK-136,4.520047375,4.51766519,4.509933352,4.515048712,4.509954126,4.502864379,4.513400148,4.516727015,4.515317993,4.513134936,4.511874929,4.511882978,4.508320738,4.509303937,4.511789731,4.504492252,4.514408826,4.514277944,4.510298758,4.50651679,4.513121824,4.509333034,4.517834383,4.50953386,4.507456023,4.511348019,4.507087235,4.507837457,4.51017571,4.513535775,4.517329899,4.510741728,4.511376262,4.505912426,4.508892408,4.515285018,4.504699912,4.512294923,4.516482152,4.51459205,4.514029949,4.512422199,4.511802946,4.513540848,4.515080109,4.51108104,4.515774923,4.513218509,4.516876451,4.509496153,,,,,,,,,,,,,,,,,,,,,,,,,,,,,,,,,,,,,,,,,,,,,,,,,,,ATCTCAGG,CTGTCTCTTATACACATCT,2026,5,0.25% Sodium thioglycolate,HS-05-J-48h,HS-05,S-KUHIMM
PK-137,4.99094567,5.006537839,4.994125699,5.013205287,4.995135405,4.993669124,5.006519147,5.003839212,4.996835348,4.997579536,4.997306724,5.004413122,4.989805401,5.005578177,5.001469253,4.989798945,5.009928702,5.000710476,5.000830429,5.008329304,4.999662798,5.003537459,5.005217835,5.004473933,4.998133428,4.993614719,4.995646197,4.998148165,5.00333624,4.992904303,5.002295095,5.003759524,4.99642549,5.007369334,4.997651373,5.001053799,5.004144801,4.999319341,4.992391532,5.000617444,5.001055353,4.998817091,4.99915651,5.00371732,5.001116294,5.00369479,4.99905298,5.001824065,4.999456803,5.000404953,,,,,,,,,,,,,,,,,,,,,,,,,,,,,,,,,,,,,,,,,,,,,,,,,,,ATCTCAGG,CTGTCTCTTATACACATCT,2026,5,0.01% Magnesium sulfate Heptahydrate,HS-05-K-48h,HS-05,S-KUHIMM
PK-138,5.009335443,5.03912219,5.016380256,5.011583975,5.023118057,5.007294841,5.00992797,5.013167754,5.013621487,5.01324936,5.002267661,5.018611083,5.014527102,5.01629977,5.008566803,5.011743757,5.012918996,5.017947832,5.012046449,5.01354939,5.007140312,5.01094404,5.007388595,5.016098908,5.012922349,5.010197527,5.006240348,5.004649406,5.015492598,5.017510741,5.008475091,5.01048205,5.013358842,5.010176551,5.013293447,5.017617173,5.014063746,5.006559149,5.015140474,5.011070769,5.014044973,5.01215053,5.010954038,5.013277575,5.013536074,5.011432068,5.017018058,5.009459689,5.014482656,5.008972572,,,,,,,,,,,,,,,,,,,,,,,,,,,,,,,,,,,,,,,,,,,,,,,,,,,ATCTCAGG,CTGTCTCTTATACACATCT,2026,5,0.01% Calcium chloride dihydrate,HS-05-L-48h,HS-05,S-KUHIMM
PK-139,4.411299034,4.41051371,4.42838109,4.418681954,4.418606038,4.421140052,4.422427903,4.412928676,4.414059776,4.426532878,4.410790963,4.411677373,4.416427853,4.42188862,4.41233738,4.418647611,4.409474607,4.425789367,4.416185509,4.418697819,4.409415896,4.414612522,4.417845571,4.422240557,4.420114185,4.41618247,4.418749255,4.419543506,4.418999688,4.419283686,4.412677258,4.419000249,4.412641334,4.418127651,4.423295698,4.420724287,4.418293276,4.420881158,4.416597375,4.412397408,4.419255744,4.418694712,4.417777653,4.417452427,4.421402766,4.415344941,4.419604875,4.418718035,4.417750584,4.416493233,,,,,,,,,,,,,,,,,,,,,,,,,,,,,,,,,,,,,,,,,,,,,,,,,,,ATCTCAGG,CTGTCTCTTATACACATCT,2026,5,GAM (KUHIMM),HS-06-CUL-48h,HS-06,S-KUHIMM
PK-140,5.007028348,4.992714453,4.981169631,4.985898152,5.003248651,4.999328352,4.987996689,4.977652187,4.986878241,4.990238226,4.998260592,5.000646677,5.002246142,4.991714569,4.992609288,4.995965693,5.002083027,5.002340118,4.999079974,4.996954437,5.004767467,4.991341023,4.999614452,4.988908504,5.007621762,4.9964242,4.993545952,4.995116306,5.000638523,5.002201227,4.99760559,4.996349894,4.994099575,4.991424545,4.994655262,4.993078183,4.99161208,4.994495581,4.999843702,4.997687939,4.997400193,4.997203539,4.997392827,4.995459058,4.998445228,4.998282312,4.994495869,4.995936402,4.99784492,4.995747424,4.997424599,4.996293778,4.997049941,4.997379961,4.997163508,4.996901406,4.996762118,4.995796008,4.996995237,4.996468587,,,,,,,,,,,,,,,,,,,,,,,,,,,,,,,,,,,,,,,,,ATCTCAGG,CTGTCTCTTATACACATCT,2026,5,0.4% Mucin,HS-06-B-48h,HS-06,S-KUHIMM
PK-141,5.109712848,5.098847074,5.104645586,5.094045195,5.10472864,5.122768021,5.090739064,5.090198557,5.098958887,5.108031078,5.096598334,5.104441289,5.100751746,5.094952228,5.101438214,5.097232504,5.095867198,5.103595885,5.105965544,5.093975563,5.096863551,5.10258035,5.102641172,5.106014144,5.092029405,5.102942024,5.095964913,5.096846425,5.114240935,5.104087158,5.095241557,5.094843193,5.09898333,5.103429619,5.115798409,5.10137824,5.109016023,5.09863868,5.105898743,5.100252881,5.09526153,5.103586614,5.101577816,5.092426315,5.105585385,5.101081001,5.104767273,5.103041278,5.100059685,5.106044102,5.103074292,5.094722314,5.101585494,5.102587348,5.100918098,5.106457855,5.10443301,5.103213922,5.102531053,5.099887087,5.108099255,5.101997188,5.102380617,5.108105372,5.098617143,5.108828459,5.10120834,5.100400261,5.106613141,5.102737594,5.105412311,5.098851806,5.107174899,5.100826684,5.100293335,5.103046791,5.102666365,5.102174283,5.100833105,5.099722165,5.101039627,5.103325815,5.102843854,5.104376013,5.103036232,5.104220756,5.102220164,5.103029893,5.103375245,5.103689068,5.10330081,5.10330081,5.10330081,5.10330081,5.10330081,5.10330081,5.10330081,5.10330081,5.10330081,5.10330081,ATCTCAGG,CTGTCTCTTATACACATCT,2026,5,0.8% Mucin (S-KUHIMM),HS-06-C-48h,HS-06,S-KUHIMM
PK-142,2.934586655,2.932669209,2.919271839,2.92526865,2.930787828,2.918438566,2.933926724,2.91685623,2.922816453,2.930237185,2.917140456,2.912707782,2.916291523,2.918447247,2.921014553,2.917507549,2.928493854,2.92737522,2.933700405,2.917240916,2.919344551,2.92486576,2.924959011,2.925627977,2.922441475,2.928026681,2.924705745,2.93266186,2.923138938,2.92260518,2.929855542,2.926710876,2.925305172,2.920735499,2.927669934,2.923895159,2.925455308,2.924994755,2.927136775,2.92325078,2.927297613,2.926011026,2.927123838,2.927526794,2.926723134,2.927178954,2.929918962,2.926040557,2.928923625,2.92988916,,,,,,,,,,,,,,,,,,,,,,,,,,,,,,,,,,,,,,,,,,,,,,,,,,,ATCTCAGG,CTGTCTCTTATACACATCT,2026,5,0.4% Pectin,HS-06-D-48h,HS-06,S-KUHIMM
PK-143,4.142335583,4.163642106,4.169509527,4.155425979,4.167342573,4.158062223,4.156221734,4.146346199,4.147539729,4.16233166,4.146216881,4.154524662,4.159686007,4.14552512,4.149484125,4.161673675,4.159814058,4.149201987,4.14617168,4.158239316,4.155947043,4.157655535,4.151585713,4.155312384,4.151357963,4.160876123,4.155082429,4.159616289,4.158363357,4.153419803,4.144394462,4.148490888,4.153989311,4.161419018,4.153988872,4.158646459,4.151810023,4.160849009,4.15346045,4.151356793,4.153288823,4.151826906,4.154358404,4.160676953,4.151517146,4.153864757,4.147955645,4.150354559,4.151755123,4.15804891,4.154291955,4.154910592,4.154742671,4.152847765,4.154273282,4.15405346,4.155076712,4.151695047,4.153936235,4.156451699,,,,,,,,,,,,,,,,,,,,,,,,,,,,,,,,,,,,,,,,,ATCTCAGG,CTGTCTCTTATACACATCT,2026,5,0.4% Xylan,HS-06-E-48h,HS-06,S-KUHIMM
PK-144,3.419252231,3.407490008,3.429470505,3.425532655,3.435605343,3.413792103,3.430277336,3.424399065,3.425495881,3.428394765,3.418157874,3.434269844,3.436150525,3.42472196,3.430764146,3.419721341,3.419656097,3.416452652,3.417992433,3.415611918,3.420024609,3.427990612,3.421002197,3.430899679,3.426568119,3.422656733,3.429912866,3.428405087,3.431176936,3.424970409,3.424519823,3.418809992,3.425552382,3.419611254,3.416760226,3.419592829,3.421679954,3.430805973,3.423063294,3.422194225,3.426752496,3.423240778,3.423771623,3.424750349,3.418704692,3.422472378,3.426088037,3.424845965,3.421948849,3.42095191,,,,,,,,,,,,,,,,,,,,,,,,,,,,,,,,,,,,,,,,,,,,,,,,,,,ATCTCAGG,CTGTCTCTTATACACATCT,2026,5,0.025% Sodium cholate+0.025% Chenodeoxycholic acid,HS-06-F-48h,HS-06,S-KUHIMM
PK-145,4.08813027,4.073256765,4.078549865,4.079224541,4.090255951,4.094955466,4.092518347,4.082366779,4.065871105,4.065252338,4.079882302,4.076812332,4.072665905,4.08389656,4.078999132,4.082098714,4.083621384,4.080363376,4.074822765,4.080925075,4.086737547,4.081276014,4.080506783,4.084451972,4.082064162,4.082887417,4.084434964,4.079663525,4.074205249,4.072491373,4.079333557,4.076766659,4.079879251,4.083164491,4.077702735,4.080946833,4.077929882,4.080234974,4.07255885,4.079292767,4.079946351,4.080341887,4.078468185,4.079762778,4.078498168,4.07970224,4.081015706,4.080159287,4.078692269,4.077560449,,,,,,,,,,,,,,,,,,,,,,,,,,,,,,,,,,,,,,,,,,,,,,,,,,,ATCTCAGG,CTGTCTCTTATACACATCT,2026,5,0.3% Sodium acetate,HS-06-G-48h,HS-06,S-KUHIMM
PK-146,4.341690141,4.337912123,4.354204699,4.33394522,4.345988275,4.343727312,4.348712498,4.341776947,4.345886656,4.336612385,4.342798769,4.347471951,4.35431139,4.34390724,4.354468233,4.338709456,4.350387951,4.3444814,4.346796827,4.346527702,4.344281215,4.340244102,4.346626928,4.351936659,4.348080378,4.354784428,4.349154484,4.342636786,4.352176052,4.355121111,4.351518669,4.350451838,4.341340045,4.352773251,4.348029243,4.35262119,4.34689047,4.352054331,4.346761157,4.34946145,4.347474793,4.350836359,4.346606563,4.347073199,4.351124616,4.350655113,4.347054492,4.347993539,4.347828411,4.346524975,,,,,,,,,,,,,,,,,,,,,,,,,,,,,,,,,,,,,,,,,,,,,,,,,,,ATCTCAGG,CTGTCTCTTATACACATCT,2026,5,0.1% D-Tryptophan,HS-06-H-48h,HS-06,S-KUHIMM
PK-147,4.544481549,4.544067631,4.546929775,4.54793521,4.539528664,4.542062115,4.549322749,4.551634275,4.552754737,4.563780848,4.548709983,4.558046329,4.554981027,4.54603296,4.550248199,4.536060054,4.559214653,4.562387243,4.555461731,4.54868273,4.544286691,4.549660306,4.551909444,4.546585998,4.541672871,4.558659935,4.551445399,4.539684307,4.546715588,4.548979242,4.543249078,4.548699987,4.551072489,4.549917448,4.543788954,4.546050919,4.545439462,4.544961599,4.545623059,4.549986263,4.546156211,4.546486775,4.547859546,4.547972764,4.54603874,4.548765462,4.54703908,4.546261012,4.545662379,4.546926902,,,,,,,,,,,,,,,,,,,,,,,,,,,,,,,,,,,,,,,,,,,,,,,,,,,ATCTCAGG,CTGTCTCTTATACACATCT,2026,5,0.1% L-Arginine,HS-06-I-48h,HS-06,S-KUHIMM
PK-148,2.813111444,2.816952554,2.821750042,2.804948149,2.816507761,2.811953516,2.820154869,2.829469006,2.821645719,2.840164955,2.811150966,2.81759397,2.828353726,2.822225602,2.821780072,2.820429192,2.822965626,2.827550304,2.822741255,2.816319444,2.833969629,2.828399877,2.826943283,2.811227368,2.817285671,2.812796968,2.816693713,2.821903231,2.819771676,2.817255365,2.820607814,2.817212845,2.823456238,2.820015781,2.81910027,2.816871536,2.824244492,2.82215644,2.821384297,2.82213469,,,,,,,,,,,,,,,,,,,,,,,,,,,,,,,,,,,,,,,,,,,,,,,,,,,,,,,,,,,,,ATCTCAGG,CTGTCTCTTATACACATCT,2026,5,0.25% Sodium thioglycolate,HS-06-J-48h,HS-06,S-KUHIMM
PK-149,4.422098766,4.418164479,4.422207351,4.418516029,4.411775355,4.423803692,4.408898171,4.426847543,4.426075088,4.421564048,4.423424221,4.429374819,4.437186708,4.425063426,4.416565429,4.419212262,4.426942358,4.429940737,4.424306449,4.426699886,4.41852655,4.415958659,4.421009968,4.427502157,4.430656141,4.422682148,4.427540967,4.411823057,4.417758681,4.420234956,4.422679407,4.422205161,4.424230757,4.424287709,4.420444491,4.42477645,4.428221409,4.424708644,4.418831314,4.419838051,4.423695406,4.420736422,4.42411097,4.422616783,4.422811235,4.425657818,4.424769998,4.426726294,4.423599193,4.423850072,,,,,,,,,,,,,,,,,,,,,,,,,,,,,,,,,,,,,,,,,,,,,,,,,,,ATCTCAGG,CTGTCTCTTATACACATCT,2026,5,0.01% Magnesium sulfate Heptahydrate,HS-06-K-48h,HS-06,S-KUHIMM
PK-150,4.486702864,4.478960691,4.497997641,4.479972974,4.47721653,4.468061604,4.471139698,4.485978166,4.487614303,4.473337019,4.478139271,4.480202554,4.473407915,4.479960585,4.469939027,4.480683269,4.477066958,4.480895875,4.487982806,4.474187045,4.473753556,4.475973135,4.472879176,4.475286807,4.480470127,4.478463278,4.485403884,4.467154119,4.474373579,4.482605762,4.479421849,4.475673308,4.48191859,4.478770038,4.475574993,4.481370626,4.475701472,4.47423074,4.484735691,4.481184201,4.481334335,4.479178453,4.48006158,4.481610901,4.479203733,4.478941606,4.484602092,4.47650834,4.478621703,4.478261174,,,,,,,,,,,,,,,,,,,,,,,,,,,,,,,,,,,,,,,,,,,,,,,,,,,ATCTCAGG,CTGTCTCTTATACACATCT,2026,5,0.01% Calcium chloride dihydrate,HS-06-L-48h,HS-06,S-KUHIMM
PL-038,4.95800418,4.938746785,4.949257668,4.954232415,4.974378847,4.95865429,4.958578111,4.963475915,4.974875651,4.972126961,4.957546186,4.961727019,4.957881557,4.965939964,4.959502731,4.952839703,4.957876304,4.962300216,4.961174072,4.955472713,4.954733177,4.963329326,4.955095199,4.959885246,4.959108818,4.957596116,4.965214239,4.95797288,4.95651627,4.961252327,4.961723214,4.958220104,4.964922135,4.962104051,4.95871049,4.957512246,4.963735483,4.959907015,4.960602723,4.962051329,,,,,,,,,,,,,,,,,,,,,,,,,,,,,,,,,,,,,,,,,,,,,,,,,,,,,,,,,,,,,ATCTCAGG,CTGTCTCTTATACACATCT,2026,5,0.4% Mucin,HS-04-B-48h,HS-04,S-KUHIMM
PL-039,5.035852658,5.051122305,5.043599395,5.044389887,5.035068637,5.030532712,5.046784323,5.045012882,5.048763317,5.041164408,5.032634104,5.057354197,5.035698568,5.036895461,5.040333483,5.03464697,5.041638409,5.04958666,5.048290495,5.038628499,5.044989101,5.041888212,5.049194132,5.038079305,5.034105014,5.038965781,5.038639888,5.043729929,5.042693997,5.043874916,5.039678366,5.0444707,5.038711917,5.04170602,5.044336267,5.04231628,5.041701355,5.040908443,5.045545712,5.04232178,5.042646914,5.042374065,5.041527276,5.041893081,5.041791498,5.042503918,5.042179108,5.042213031,5.043094863,5.042655545,,,,,,,,,,,,,,,,,,,,,,,,,,,,,,,,,,,,,,,,,,,,,,,,,,,ATCTCAGG,CTGTCTCTTATACACATCT,2026,5,0.8% Mucin (S-KUHIMM),HS-04-C-48h,HS-04,S-KUHIMM